{
    "learning_rate": {
        "feasible_points": [
            0.002106913873888147
        ]
    },
    "beta1": {
        "feasible_points": [
            0.8231189937738506
        ]
    },
    "beta2": {
        "feasible_points": [
            0.8774571227688758
        ]
    },
    "warmup_steps": {
        "feasible_points": [
            1199
        ]
    },
    "weight_decay": {
        "feasible_points": [
            0.27590534177690645
        ]
    },
    "lawa_burnin_pct": {
        "feasible_points": [
            0.0
        ]
    },
    "lawa_every_steps": {
      "feasible_points": [
            64, 128, 256, 512, 1024, 2048
      ]
    },
    "lawa_beta": {
        "feasible_points": [
            0.3, 0.6, 0.8, 0.9, 0.95, 0.99
        ]
    }
}
