{
    "learning_rate": {
        "feasible_points": [
            0.004958460849689891
        ]
    },
    "beta1": {
        "feasible_points": [
            0.863744242567442
        ]
    },
    "beta2": {
        "feasible_points": [
            0.6291854735396584
        ]
    },
    "warmup_steps": {
        "feasible_points": [
            720
        ]
    },
    "weight_decay": {
        "feasible_points": [
            0.1147386261512052
        ]
    },
    "lawa_burnin_pct": {
        "feasible_points": [
            0.0
        ]
    },
    "lawa_every_steps": {
        "feasible_points": [
            64, 128, 256, 512, 1024, 2048
        ]
    },
    "lawa_queue_len": {
        "feasible_points": [
            2, 5, 10, 20, 50, 100
        ]
    }
}
